{"loss": [1.817557454109192, 0.6751793622970581, 0.46744483709335327, 0.3851696252822876, 0.32534539699554443, 0.2927873432636261, 0.2738782465457916, 0.25582143664360046, 0.23798540234565735, 0.2313518077135086], "accuracy": [0.4873717725276947, 0.7829117774963379, 0.8471295833587646, 0.8727355003356934, 0.8911347389221191, 0.901930570602417, 0.9090333580970764, 0.9149177074432373, 0.9211704730987549, 0.9242023825645447], "val_loss": [1.142004132270813, 1.099237322807312, 1.1227692365646362, 1.0984171628952026, 1.1360670328140259, 1.0573787689208984, 1.177330732345581, 1.1935253143310547, 1.3258283138275146, 1.3724178075790405], "val_accuracy": [0.6956881284713745, 0.785677969455719, 0.8318706154823303, 0.8351988196372986, 0.8666793704032898, 0.8709827661514282, 0.8713855743408203, 0.881963849067688, 0.8881539702415466, 0.8870940208435059]}